name,displayName,description,module,path,standalone
"editorial-review-prose","Editorial Review - Prose","Clinical copy-editor that reviews text for communication issues","core","_bmad/core/tasks/editorial-review-prose.xml","true"
"editorial-review-structure","Editorial Review - Structure","Structural editor that proposes cuts, reorganization, and simplification while preserving comprehension","core","_bmad/core/tasks/editorial-review-structure.xml","true"
"help","help","Get unstuck by showing what workflow steps come next or answering questions about what to do","core","_bmad/core/tasks/help.md","true"
"index-docs","Index Docs","Generates or updates an index.md of all documents in the specified directory","core","_bmad/core/tasks/index-docs.xml","true"
"review-adversarial-general","Adversarial Review (General)","Cynically review content and produce findings","core","_bmad/core/tasks/review-adversarial-general.xml","true"
"shard-doc","Shard Document","Splits large markdown documents into smaller, organized files based on level 2 (default) sections","core","_bmad/core/tasks/shard-doc.xml","true"
